"FreiburgBooks_10942","GoodReadsBooks_14404","0.8866666666666667"
"FreiburgBooks_22996","GoodReadsBooks_13324","0.8716553287981859"
"FreiburgBooks_20349","GoodReadsBooks_8035","0.8999999999999999"
"FreiburgBooks_22955","GoodReadsBooks_13385","0.8999999999999999"
"FreiburgBooks_20307","GoodReadsBooks_14116","0.7"
"FreiburgBooks_22986","GoodReadsBooks_7912","0.8972222222222221"
"FreiburgBooks_20395","GoodReadsBooks_6425","0.8999999999999999"
"FreiburgBooks_4715","GoodReadsBooks_13437","0.8999999999999999"
"FreiburgBooks_4721","GoodReadsBooks_6440","0.8971014492753624"
"FreiburgBooks_4755","GoodReadsBooks_14859","0.8999999999999999"
"FreiburgBooks_2117","GoodReadsBooks_1603","0.8999999999999999"
"FreiburgBooks_2195","GoodReadsBooks_1643","0.7"
"FreiburgBooks_19495","GoodReadsBooks_13122","0.895"
"FreiburgBooks_19449","GoodReadsBooks_9938","0.888235294117647"
"FreiburgBooks_4839","GoodReadsBooks_8794","0.8999999999999999"
"FreiburgBooks_4834","GoodReadsBooks_11603","0.8999999999999999"
"FreiburgBooks_4861","GoodReadsBooks_13362","0.8964912280701753"
"FreiburgBooks_4881","GoodReadsBooks_6585","0.866111111111111"
"FreiburgBooks_10700","GoodReadsBooks_7406","0.8999999999999999"
"FreiburgBooks_10765","GoodReadsBooks_14924","0.8999999999999999"
"FreiburgBooks_10766","GoodReadsBooks_9946","0.8999999999999999"
"FreiburgBooks_10736","GoodReadsBooks_3191","0.8866666666666667"
"FreiburgBooks_10737","GoodReadsBooks_3187","0.8999999999999999"
"FreiburgBooks_22723","GoodReadsBooks_5817","0.8018181818181818"
"FreiburgBooks_22737","GoodReadsBooks_5806","0.7466666666666666"
"FreiburgBooks_22749","GoodReadsBooks_10819","0.8894736842105264"
"FreiburgBooks_22745","GoodReadsBooks_6462","0.8857142857142857"
"FreiburgBooks_10775","GoodReadsBooks_6270","0.8999999999999999"
"FreiburgBooks_19185","GoodReadsBooks_7441","0.8999999999999999"
"FreiburgBooks_4506","GoodReadsBooks_8906","0.888235294117647"
"FreiburgBooks_4511","GoodReadsBooks_10519","0.8999999999999999"
"FreiburgBooks_4574","GoodReadsBooks_2649","0.8999999999999999"
"FreiburgBooks_10818","GoodReadsBooks_11624","0.8999999999999999"
"FreiburgBooks_10816","GoodReadsBooks_11783","0.825"
"FreiburgBooks_10814","GoodReadsBooks_8857","0.8999999999999999"
"FreiburgBooks_19226","GoodReadsBooks_7444","0.8999999999999999"
"FreiburgBooks_10889","GoodReadsBooks_14742","0.8999999999999999"
"FreiburgBooks_20227","GoodReadsBooks_11211","0.8999999999999999"
"FreiburgBooks_20238","GoodReadsBooks_8326","0.8999999999999999"
"FreiburgBooks_10867","GoodReadsBooks_14075","0.7"
"FreiburgBooks_19265","GoodReadsBooks_11717","0.8999999999999999"
"FreiburgBooks_22834","GoodReadsBooks_7876","0.8999999999999999"
"FreiburgBooks_10527","GoodReadsBooks_3025","0.8888888888888888"
"FreiburgBooks_22523","GoodReadsBooks_9728","0.8999999999999999"
"FreiburgBooks_10530","GoodReadsBooks_3481","0.8923076923076922"
"FreiburgBooks_22555","GoodReadsBooks_12759","0.8999999999999999"
"FreiburgBooks_22554","GoodReadsBooks_14710","0.8875"
"FreiburgBooks_22563","GoodReadsBooks_12996","0.8799999999999999"
"FreiburgBooks_2520","GoodReadsBooks_6777","0.8956521739130434"
"FreiburgBooks_2536","GoodReadsBooks_7836","0.8999999999999999"
"FreiburgBooks_2543","GoodReadsBooks_13369","0.8999999999999999"
"FreiburgBooks_2544","GoodReadsBooks_13345","0.8913043478260869"
"FreiburgBooks_2566","GoodReadsBooks_14164","0.8999999999999999"
"FreiburgBooks_2568","GoodReadsBooks_14176","0.8999999999999999"
"FreiburgBooks_2581","GoodReadsBooks_1563","0.7"
"FreiburgBooks_10601","GoodReadsBooks_12071","0.875"
"FreiburgBooks_22644","GoodReadsBooks_6076","0.8999999999999999"
"FreiburgBooks_22640","GoodReadsBooks_10764","0.8999999999999999"
"FreiburgBooks_10681","GoodReadsBooks_10823","0.8999999999999999"
"FreiburgBooks_19082","GoodReadsBooks_13426","0.8833333333333333"
"FreiburgBooks_20077","GoodReadsBooks_13761","0.8999999999999999"
"FreiburgBooks_20079","GoodReadsBooks_14720","0.8951219512195121"
"FreiburgBooks_20073","GoodReadsBooks_13793","0.8999999999999999"
"FreiburgBooks_2633","GoodReadsBooks_13278","0.8999999999999999"
"FreiburgBooks_20027","GoodReadsBooks_7304","0.8999999999999999"
"FreiburgBooks_20033","GoodReadsBooks_9574","0.8799999999999999"
"FreiburgBooks_2663","GoodReadsBooks_13201","0.8999999999999999"
"FreiburgBooks_2677","GoodReadsBooks_14233","0.8999999999999999"
"FreiburgBooks_20097","GoodReadsBooks_13145","0.888235294117647"
"FreiburgBooks_2279","GoodReadsBooks_10444","0.8999999999999999"
"FreiburgBooks_2281","GoodReadsBooks_10829","0.8999999999999999"
"FreiburgBooks_2291","GoodReadsBooks_6534","0.896078431372549"
"FreiburgBooks_2297","GoodReadsBooks_11572","0.8964912280701753"
"FreiburgBooks_12904","GoodReadsBooks_14656","0.896969696969697"
"FreiburgBooks_12942","GoodReadsBooks_6665","0.8999999999999999"
"FreiburgBooks_12939","GoodReadsBooks_1213","0.8999999999999999"
"FreiburgBooks_12938","GoodReadsBooks_1859","0.8999999999999999"
"FreiburgBooks_10312","GoodReadsBooks_12464","0.8962264150943395"
"FreiburgBooks_10304","GoodReadsBooks_10723","0.8999999999999999"
"FreiburgBooks_24921","GoodReadsBooks_14399","0.8935483870967742"
"FreiburgBooks_12958","GoodReadsBooks_6997","0.8999999999999999"
"FreiburgBooks_12957","GoodReadsBooks_13141","0.8999999999999999"
"FreiburgBooks_10369","GoodReadsBooks_6919","0.8999999999999999"
"FreiburgBooks_10361","GoodReadsBooks_5557","0.8999999999999999"
"FreiburgBooks_4904","GoodReadsBooks_3284","0.8833333333333333"
"FreiburgBooks_22374","GoodReadsBooks_11117","0.8999999999999999"
"FreiburgBooks_4914","GoodReadsBooks_6634","0.8999999999999999"
"FreiburgBooks_4916","GoodReadsBooks_10803","0.8999999999999999"
"FreiburgBooks_22325","GoodReadsBooks_8851","0.8999999999999999"
"FreiburgBooks_22336","GoodReadsBooks_3282","0.8666666666666667"
"FreiburgBooks_4952","GoodReadsBooks_13187","0.8999999999999999"
"FreiburgBooks_10388","GoodReadsBooks_13742","0.7"
"FreiburgBooks_22340","GoodReadsBooks_1692","0.8999999999999999"
"FreiburgBooks_2308","GoodReadsBooks_13146","0.8999999999999999"
"FreiburgBooks_2309","GoodReadsBooks_11190","0.8957446808510638"
"FreiburgBooks_2318","GoodReadsBooks_12603","0.8999999999999999"
"FreiburgBooks_2395","GoodReadsBooks_9178","0.888235294117647"
"FreiburgBooks_10406","GoodReadsBooks_10805","0.8999999999999999"
"FreiburgBooks_22423","GoodReadsBooks_14438","0.8999999999999999"
"FreiburgBooks_10433","GoodReadsBooks_14141","0.8999999999999999"
"FreiburgBooks_22473","GoodReadsBooks_11314","0.8600000000000001"
"FreiburgBooks_10471","GoodReadsBooks_7456","0.8999999999999999"
"FreiburgBooks_22440","GoodReadsBooks_10034","0.8999999999999999"
"FreiburgBooks_2401","GoodReadsBooks_12785","0.8999999999999999"
"FreiburgBooks_22454","GoodReadsBooks_13903","0.7"
"FreiburgBooks_2495","GoodReadsBooks_14799","0.8284615384615384"
"FreiburgBooks_24725","GoodReadsBooks_7869","0.8999999999999999"
"FreiburgBooks_24723","GoodReadsBooks_14421","0.8999999999999999"
"FreiburgBooks_22116","GoodReadsBooks_2975","0.7"
"FreiburgBooks_10127","GoodReadsBooks_6203","0.8999999999999999"
"FreiburgBooks_2954","GoodReadsBooks_6621","0.8999999999999999"
"FreiburgBooks_12762","GoodReadsBooks_13955","0.8857142857142857"
"FreiburgBooks_22148","GoodReadsBooks_10937","0.7"
"FreiburgBooks_10155","GoodReadsBooks_8297","0.8999999999999999"
"FreiburgBooks_22100","GoodReadsBooks_2609","0.8972602739726028"
"FreiburgBooks_22102","GoodReadsBooks_3677","0.8966101694915254"
"FreiburgBooks_22197","GoodReadsBooks_7443","0.8999999999999999"
"FreiburgBooks_10199","GoodReadsBooks_3263","0.8875"
"FreiburgBooks_10185","GoodReadsBooks_11249","0.8999999999999999"
"FreiburgBooks_22156","GoodReadsBooks_1797","0.8999999999999999"
"FreiburgBooks_22163","GoodReadsBooks_2188","0.8714285714285714"
"FreiburgBooks_22164","GoodReadsBooks_1620","0.8999999999999999"
"FreiburgBooks_22182","GoodReadsBooks_9329","0.8962264150943395"
"FreiburgBooks_24825","GoodReadsBooks_9316","0.888235294117647"
"FreiburgBooks_24839","GoodReadsBooks_12339","0.8928571428571428"
"FreiburgBooks_12892","GoodReadsBooks_14784","0.8833333333333333"
"FreiburgBooks_22255","GoodReadsBooks_14293","0.8888888888888888"
"FreiburgBooks_10227","GoodReadsBooks_2167","0.8923076923076922"
"FreiburgBooks_10221","GoodReadsBooks_193","0.8818181818181818"
"FreiburgBooks_10210","GoodReadsBooks_3267","0.8857142857142857"
"FreiburgBooks_24851","GoodReadsBooks_14088","0.8999999999999999"
"FreiburgBooks_2703","GoodReadsBooks_9586","0.8999999999999999"
"FreiburgBooks_12528","GoodReadsBooks_6545","0.7"
"FreiburgBooks_2764","GoodReadsBooks_10802","0.8999999999999999"
"FreiburgBooks_24514","GoodReadsBooks_14713","0.8777777777777778"
"FreiburgBooks_2774","GoodReadsBooks_3924","0.8933333333333333"
"FreiburgBooks_24608","GoodReadsBooks_5210","0.8999999999999999"
"FreiburgBooks_12611","GoodReadsBooks_2101","0.8999999999999999"
"FreiburgBooks_2817","GoodReadsBooks_8528","0.8999999999999999"
"FreiburgBooks_24654","GoodReadsBooks_14376","0.7"
"FreiburgBooks_2848","GoodReadsBooks_4968","0.8999999999999999"
"FreiburgBooks_24619","GoodReadsBooks_7064","0.8999999999999999"
"FreiburgBooks_24622","GoodReadsBooks_12564","0.8799999999999999"
"FreiburgBooks_10031","GoodReadsBooks_11719","0.8999999999999999"
"FreiburgBooks_10024","GoodReadsBooks_7117","0.8999999999999999"
"FreiburgBooks_10022","GoodReadsBooks_5066","0.8266009852216749"
"FreiburgBooks_24645","GoodReadsBooks_14529","0.8999999999999999"
"FreiburgBooks_24644","GoodReadsBooks_13599","0.8894736842105264"
"FreiburgBooks_22098","GoodReadsBooks_3276","0.7050000000000001"
"FreiburgBooks_10053","GoodReadsBooks_13750","0.8999999999999999"
"FreiburgBooks_22038","GoodReadsBooks_3257","0.8999999999999999"
"FreiburgBooks_22057","GoodReadsBooks_3342","0.8999999999999999"
"FreiburgBooks_10099","GoodReadsBooks_4354","0.7"
"FreiburgBooks_14910","GoodReadsBooks_3605","0.8999999999999999"
"FreiburgBooks_26958","GoodReadsBooks_13973","0.8999999999999999"
"FreiburgBooks_26956","GoodReadsBooks_7254","0.8999999999999999"
"FreiburgBooks_14978","GoodReadsBooks_14962","0.8999999999999999"
"FreiburgBooks_9124","GoodReadsBooks_11824","0.8933333333333333"
"FreiburgBooks_12339","GoodReadsBooks_6549","0.8866666666666667"
"FreiburgBooks_26931","GoodReadsBooks_14188","0.8999999999999999"
"FreiburgBooks_26943","GoodReadsBooks_14263","0.8999999999999999"
"FreiburgBooks_24378","GoodReadsBooks_7139","0.8913043478260869"
"FreiburgBooks_24388","GoodReadsBooks_10843","0.8999999999999999"
"FreiburgBooks_12369","GoodReadsBooks_12517","0.8904761904761904"
"FreiburgBooks_24368","GoodReadsBooks_9217","0.8866666666666667"
"FreiburgBooks_9205","GoodReadsBooks_6044","0.8999999999999999"
"FreiburgBooks_9223","GoodReadsBooks_8647","0.8999999999999999"
"FreiburgBooks_12410","GoodReadsBooks_11196","0.8999999999999999"
"FreiburgBooks_12459","GoodReadsBooks_6036","0.8999999999999999"
"FreiburgBooks_12453","GoodReadsBooks_4579","0.7614718614718614"
"FreiburgBooks_24079","GoodReadsBooks_14449","0.8999999999999999"
"FreiburgBooks_26719","GoodReadsBooks_5865","0.8999999999999999"
"FreiburgBooks_14730","GoodReadsBooks_1474","0.8999999999999999"
"FreiburgBooks_26736","GoodReadsBooks_14240","0.8999999999999999"
"FreiburgBooks_26747","GoodReadsBooks_10498","0.8925925925925926"
"FreiburgBooks_14703","GoodReadsBooks_11741","0.8958333333333333"
"FreiburgBooks_26709","GoodReadsBooks_6401","0.8999999999999999"
"FreiburgBooks_26704","GoodReadsBooks_11256","0.8999999999999999"
"FreiburgBooks_14721","GoodReadsBooks_902","0.8999999999999999"
"FreiburgBooks_24143","GoodReadsBooks_10892","0.8999999999999999"
"FreiburgBooks_24153","GoodReadsBooks_13405","0.8961538461538461"
"FreiburgBooks_12125","GoodReadsBooks_14320","0.7958333333333334"
"FreiburgBooks_12124","GoodReadsBooks_13906","0.8999999999999999"
"FreiburgBooks_24173","GoodReadsBooks_14878","0.8999999999999999"
"FreiburgBooks_24100","GoodReadsBooks_14433","0.8799999999999999"
"FreiburgBooks_24115","GoodReadsBooks_14575","0.8999999999999999"
"FreiburgBooks_24110","GoodReadsBooks_9157","0.8999999999999999"
"FreiburgBooks_26780","GoodReadsBooks_6057","0.8999999999999999"
"FreiburgBooks_26782","GoodReadsBooks_10806","0.8999999999999999"
"FreiburgBooks_24183","GoodReadsBooks_10894","0.7"
"FreiburgBooks_24181","GoodReadsBooks_9562","0.8999999999999999"
"FreiburgBooks_14862","GoodReadsBooks_14659","0.8999999999999999"
"FreiburgBooks_14871","GoodReadsBooks_12497","0.8999999999999999"
"FreiburgBooks_24206","GoodReadsBooks_9211","0.8999999999999999"
"FreiburgBooks_14827","GoodReadsBooks_4472","0.8999999999999999"
"FreiburgBooks_9050","GoodReadsBooks_10878","0.8999999999999999"
"FreiburgBooks_9057","GoodReadsBooks_13115","0.8971014492753624"
"FreiburgBooks_9068","GoodReadsBooks_10388","0.8968253968253967"
"FreiburgBooks_24269","GoodReadsBooks_8568","0.8909090909090909"
"FreiburgBooks_24294","GoodReadsBooks_9734","0.8999999999999999"
"FreiburgBooks_26877","GoodReadsBooks_7309","0.8999999999999999"
"FreiburgBooks_9500","GoodReadsBooks_11558","0.8999999999999999"
"FreiburgBooks_9521","GoodReadsBooks_9560","0.8999999999999999"
"FreiburgBooks_9546","GoodReadsBooks_11566","0.8999999999999999"
"FreiburgBooks_9545","GoodReadsBooks_9576","0.888235294117647"
"FreiburgBooks_26511","GoodReadsBooks_13293","0.8999999999999999"
"FreiburgBooks_14553","GoodReadsBooks_5163","0.8999999999999999"
"FreiburgBooks_9622","GoodReadsBooks_1750","0.7904761904761903"
"FreiburgBooks_9640","GoodReadsBooks_14652","0.8976190476190475"
"FreiburgBooks_9674","GoodReadsBooks_13452","0.7666666666666666"
"FreiburgBooks_7067","GoodReadsBooks_11165","0.8999999999999999"
"FreiburgBooks_26615","GoodReadsBooks_14496","0.8999999999999999"
"FreiburgBooks_14696","GoodReadsBooks_6685","0.8999999999999999"
"FreiburgBooks_26672","GoodReadsBooks_6256","0.8611483253588517"
"FreiburgBooks_12019","GoodReadsBooks_9229","0.8999999999999999"
"FreiburgBooks_12000","GoodReadsBooks_3875","0.8129411764705883"
"FreiburgBooks_24046","GoodReadsBooks_13357","0.8999999999999999"
"FreiburgBooks_26630","GoodReadsBooks_8402","0.8945945945945946"
"FreiburgBooks_14663","GoodReadsBooks_11795","0.8999999999999999"
"FreiburgBooks_14667","GoodReadsBooks_10793","0.8999999999999999"
"FreiburgBooks_12057","GoodReadsBooks_11989","0.8999999999999999"
"FreiburgBooks_14678","GoodReadsBooks_282","0.7"
"FreiburgBooks_12042","GoodReadsBooks_4526","0.89375"
"FreiburgBooks_14681","GoodReadsBooks_2048","0.7"
"FreiburgBooks_12040","GoodReadsBooks_441","0.8999999999999999"
"FreiburgBooks_14684","GoodReadsBooks_1233","0.8999999999999999"
"FreiburgBooks_26245","GoodReadsBooks_13624","0.8999999999999999"
"FreiburgBooks_26261","GoodReadsBooks_13002","0.8894736842105264"
"FreiburgBooks_26260","GoodReadsBooks_13171","0.8999999999999999"
"FreiburgBooks_9301","GoodReadsBooks_6755","0.75"
"FreiburgBooks_9375","GoodReadsBooks_7635","0.8999999999999999"
"FreiburgBooks_16940","GoodReadsBooks_14898","0.8999999999999999"
"FreiburgBooks_9396","GoodReadsBooks_10106","0.8999999999999999"
"FreiburgBooks_16998","GoodReadsBooks_3465","0.7078947368421054"
"FreiburgBooks_26349","GoodReadsBooks_8300","0.8999999999999999"
"FreiburgBooks_14305","GoodReadsBooks_11130","0.8999999999999999"
"FreiburgBooks_16974","GoodReadsBooks_13591","0.8942028985507247"
"FreiburgBooks_14317","GoodReadsBooks_6286","0.8421758569299553"
"FreiburgBooks_16991","GoodReadsBooks_14162","0.8999999999999999"
"FreiburgBooks_26399","GoodReadsBooks_12148","0.8999999999999999"
"FreiburgBooks_14387","GoodReadsBooks_14820","0.8999999999999999"
"FreiburgBooks_9403","GoodReadsBooks_10136","0.8999999999999999"
"FreiburgBooks_9446","GoodReadsBooks_5093","0.8999999999999999"
"FreiburgBooks_26439","GoodReadsBooks_1871","0.8894736842105264"
"FreiburgBooks_26447","GoodReadsBooks_5498","0.8941176470588235"
"FreiburgBooks_14446","GoodReadsBooks_3966","0.893103448275862"
"FreiburgBooks_14055","GoodReadsBooks_11920","0.8999999999999999"
"FreiburgBooks_14062","GoodReadsBooks_1212","0.8999999999999999"
"FreiburgBooks_14070","GoodReadsBooks_3357","0.8916666666666666"
"FreiburgBooks_9923","GoodReadsBooks_1640","0.8999999999999999"
"FreiburgBooks_9927","GoodReadsBooks_11645","0.8941176470588235"
"FreiburgBooks_9935","GoodReadsBooks_14016","0.8999999999999999"
"FreiburgBooks_9931","GoodReadsBooks_10022","0.8999999999999999"
"FreiburgBooks_14014","GoodReadsBooks_11653","0.8928571428571428"
"FreiburgBooks_9957","GoodReadsBooks_12438","0.8"
"FreiburgBooks_14033","GoodReadsBooks_9695","0.8999999999999999"
"FreiburgBooks_16699","GoodReadsBooks_7145","0.8999999999999999"
"FreiburgBooks_9964","GoodReadsBooks_3829","0.8875"
"FreiburgBooks_7311","GoodReadsBooks_7000","0.8999999999999999"
"FreiburgBooks_7376","GoodReadsBooks_8518","0.8999999999999999"
"FreiburgBooks_7377","GoodReadsBooks_11924","0.8875"
"FreiburgBooks_14111","GoodReadsBooks_3527","0.888235294117647"
"FreiburgBooks_16777","GoodReadsBooks_12779","0.8799999999999999"
"FreiburgBooks_14118","GoodReadsBooks_843","0.8999999999999999"
"FreiburgBooks_16785","GoodReadsBooks_14806","0.8999999999999999"
"FreiburgBooks_26103","GoodReadsBooks_14365","0.8999999999999999"
"FreiburgBooks_26158","GoodReadsBooks_4975","0.81"
"FreiburgBooks_26115","GoodReadsBooks_13332","0.8918367346938776"
"FreiburgBooks_7413","GoodReadsBooks_13390","0.8999999999999999"
"FreiburgBooks_7425","GoodReadsBooks_5179","0.8999999999999999"
"FreiburgBooks_7421","GoodReadsBooks_6694","0.8777777777777778"
"FreiburgBooks_26144","GoodReadsBooks_13618","0.8999999999999999"
"FreiburgBooks_16896","GoodReadsBooks_6322","0.8357575757575757"
"FreiburgBooks_14242","GoodReadsBooks_5798","0.8999999999999999"
"FreiburgBooks_16844","GoodReadsBooks_9205","0.8999999999999999"
"FreiburgBooks_16868","GoodReadsBooks_13700","0.8999999999999999"
"FreiburgBooks_9714","GoodReadsBooks_12102","0.8999999999999999"
"FreiburgBooks_9722","GoodReadsBooks_13902","0.7"
"FreiburgBooks_9753","GoodReadsBooks_13279","0.896969696969697"
"FreiburgBooks_7174","GoodReadsBooks_10451","0.8999999999999999"
"FreiburgBooks_16524","GoodReadsBooks_8616","0.8999999999999999"
"FreiburgBooks_16525","GoodReadsBooks_14382","0.8999999999999999"
"FreiburgBooks_16527","GoodReadsBooks_9185","0.8999999999999999"
"FreiburgBooks_16568","GoodReadsBooks_10180","0.8999999999999999"
"FreiburgBooks_9845","GoodReadsBooks_3315","0.8799999999999999"
"FreiburgBooks_9842","GoodReadsBooks_4948","0.8443661971830987"
"FreiburgBooks_9853","GoodReadsBooks_3499","0.7521518987341773"
"FreiburgBooks_7209","GoodReadsBooks_13785","0.8999999999999999"
"FreiburgBooks_7211","GoodReadsBooks_5133","0.8065934065934066"
"FreiburgBooks_7275","GoodReadsBooks_13677","0.7"
"FreiburgBooks_7280","GoodReadsBooks_13562","0.8999999999999999"
"FreiburgBooks_7297","GoodReadsBooks_10940","0.8999999999999999"
"FreiburgBooks_16639","GoodReadsBooks_885","0.8999999999999999"
"FreiburgBooks_7730","GoodReadsBooks_4893","0.8999999999999999"
"FreiburgBooks_16254","GoodReadsBooks_7519","0.8999999999999999"
"FreiburgBooks_7776","GoodReadsBooks_12288","0.8933333333333333"
"FreiburgBooks_18871","GoodReadsBooks_5048","0.8999999999999999"
"FreiburgBooks_16213","GoodReadsBooks_7988","0.878031212484994"
"FreiburgBooks_7798","GoodReadsBooks_1256","0.8666666666666667"
"FreiburgBooks_5182","GoodReadsBooks_7212","0.7"
"FreiburgBooks_18934","GoodReadsBooks_13740","0.8999999999999999"
"FreiburgBooks_7822","GoodReadsBooks_11146","0.8957446808510638"
"FreiburgBooks_18918","GoodReadsBooks_13629","0.8958333333333333"
"FreiburgBooks_7854","GoodReadsBooks_13937","0.8061538461538462"
"FreiburgBooks_18989","GoodReadsBooks_5075","0.8238095238095238"
"FreiburgBooks_7895","GoodReadsBooks_13431","0.8999999999999999"
"FreiburgBooks_5233","GoodReadsBooks_558","0.8999999999999999"
"FreiburgBooks_18999","GoodReadsBooks_10527","0.8999999999999999"
"FreiburgBooks_5243","GoodReadsBooks_10556","0.8999999999999999"
"FreiburgBooks_16404","GoodReadsBooks_8425","0.8999999999999999"
"FreiburgBooks_7911","GoodReadsBooks_7135","0.8999999999999999"
"FreiburgBooks_7929","GoodReadsBooks_13394","0.8983606557377048"
"FreiburgBooks_7934","GoodReadsBooks_13314","0.8999999999999999"
"FreiburgBooks_7953","GoodReadsBooks_11688","0.8857142857142857"
"FreiburgBooks_16010","GoodReadsBooks_14326","0.8999999999999999"
"FreiburgBooks_7526","GoodReadsBooks_3959","0.893939393939394"
"FreiburgBooks_18646","GoodReadsBooks_9936","0.8866666666666667"
"FreiburgBooks_16087","GoodReadsBooks_14772","0.8999999999999999"
"FreiburgBooks_16042","GoodReadsBooks_5437","0.8999999999999999"
"FreiburgBooks_16054","GoodReadsBooks_6271","0.8863636363636365"
"FreiburgBooks_16074","GoodReadsBooks_8026","0.8999999999999999"
"FreiburgBooks_16076","GoodReadsBooks_13350","0.896969696969697"
"FreiburgBooks_18721","GoodReadsBooks_8995","0.8999999999999999"
"FreiburgBooks_7602","GoodReadsBooks_9082","0.8928571428571428"
"FreiburgBooks_18794","GoodReadsBooks_8030","0.8999999999999999"
"FreiburgBooks_7646","GoodReadsBooks_11288","0.8999999999999999"
"FreiburgBooks_7644","GoodReadsBooks_14447","0.8999999999999999"
"FreiburgBooks_18748","GoodReadsBooks_11766","0.8899999999999999"
"FreiburgBooks_7652","GoodReadsBooks_13743","0.8999999999999999"
"FreiburgBooks_5009","GoodReadsBooks_12019","0.8999999999999999"
"FreiburgBooks_18764","GoodReadsBooks_11562","0.8972602739726028"
"FreiburgBooks_7688","GoodReadsBooks_13586","0.8999999999999999"
"FreiburgBooks_5028","GoodReadsBooks_3039","0.8416510318949344"
"FreiburgBooks_16177","GoodReadsBooks_6730","0.8999999999999999"
"FreiburgBooks_18411","GoodReadsBooks_6764","0.7"
"FreiburgBooks_5543","GoodReadsBooks_8881","0.893939393939394"
"FreiburgBooks_18429","GoodReadsBooks_12403","0.8999999999999999"
"FreiburgBooks_5559","GoodReadsBooks_14968","0.8999999999999999"
"FreiburgBooks_18447","GoodReadsBooks_10437","0.8999999999999999"
"FreiburgBooks_5628","GoodReadsBooks_13656","0.8999999999999999"
"FreiburgBooks_5651","GoodReadsBooks_13947","0.8999999999999999"
"FreiburgBooks_18535","GoodReadsBooks_12397","0.8969230769230769"
"FreiburgBooks_3000","GoodReadsBooks_12301","0.8999999999999999"
"FreiburgBooks_18505","GoodReadsBooks_6476","0.8999999999999999"
"FreiburgBooks_18576","GoodReadsBooks_13724","0.8999999999999999"
"FreiburgBooks_18599","GoodReadsBooks_14018","0.7"
"FreiburgBooks_5706","GoodReadsBooks_7561","0.8999999999999999"
"FreiburgBooks_5719","GoodReadsBooks_12891","0.8999999999999999"
"FreiburgBooks_3112","GoodReadsBooks_3539","0.888235294117647"
"FreiburgBooks_5771","GoodReadsBooks_3733","0.895"
"FreiburgBooks_21828","GoodReadsBooks_4220","0.8999999999999999"
"FreiburgBooks_21830","GoodReadsBooks_4589","0.8999999999999999"
"FreiburgBooks_21850","GoodReadsBooks_4494","0.8999999999999999"
"FreiburgBooks_7995","GoodReadsBooks_7494","0.8999999999999999"
"FreiburgBooks_5349","GoodReadsBooks_12395","0.8999999999999999"
"FreiburgBooks_21814","GoodReadsBooks_4379","0.8999999999999999"
"FreiburgBooks_21816","GoodReadsBooks_4147","0.8729729729729729"
"FreiburgBooks_21815","GoodReadsBooks_4109","0.8999999999999999"
"FreiburgBooks_18282","GoodReadsBooks_7849","0.8999999999999999"
"FreiburgBooks_21861","GoodReadsBooks_4427","0.8999999999999999"
"FreiburgBooks_21881","GoodReadsBooks_4476","0.8999999999999999"
"FreiburgBooks_18253","GoodReadsBooks_10601","0.8962962962962964"
"FreiburgBooks_59","GoodReadsBooks_12457","0.8999999999999999"
"FreiburgBooks_49","GoodReadsBooks_13013","0.8999999999999999"
"FreiburgBooks_47","GoodReadsBooks_14415","0.8999999999999999"
"FreiburgBooks_31","GoodReadsBooks_7453","0.8999999999999999"
"FreiburgBooks_11","GoodReadsBooks_10665","0.8999999999999999"
"FreiburgBooks_5406","GoodReadsBooks_12435","0.8999999999999999"
"FreiburgBooks_5412","GoodReadsBooks_12025","0.8944444444444444"
"FreiburgBooks_5427","GoodReadsBooks_10185","0.8714285714285714"
"FreiburgBooks_21949","GoodReadsBooks_10579","0.8999999999999999"
"FreiburgBooks_18305","GoodReadsBooks_9079","0.893939393939394"
"FreiburgBooks_5438","GoodReadsBooks_3271","0.71"
"FreiburgBooks_5441","GoodReadsBooks_2992","0.8999999999999999"
"FreiburgBooks_18332","GoodReadsBooks_4000","0.8733333333333333"
"FreiburgBooks_21902","GoodReadsBooks_4434","0.8999999999999999"
"FreiburgBooks_5460","GoodReadsBooks_6180","0.8999999999999999"
"FreiburgBooks_21923","GoodReadsBooks_10585","0.8999999999999999"
"FreiburgBooks_5495","GoodReadsBooks_11789","0.8666666666666667"
"FreiburgBooks_18387","GoodReadsBooks_8012","0.842652329749104"
"FreiburgBooks_18395","GoodReadsBooks_13386","0.8999999999999999"
"FreiburgBooks_18345","GoodReadsBooks_5353","0.888235294117647"
"FreiburgBooks_21991","GoodReadsBooks_14605","0.8999999999999999"
"FreiburgBooks_5501","GoodReadsBooks_12566","0.8674999999999999"
"FreiburgBooks_5505","GoodReadsBooks_13376","0.8972222222222221"
"FreiburgBooks_5521","GoodReadsBooks_12567","0.8629946524064172"
"FreiburgBooks_18018","GoodReadsBooks_14030","0.8999999999999999"
"FreiburgBooks_21684","GoodReadsBooks_11143","0.8999999999999999"
"FreiburgBooks_21695","GoodReadsBooks_8601","0.8999999999999999"
"FreiburgBooks_21690","GoodReadsBooks_5590","0.8875"
"FreiburgBooks_21646","GoodReadsBooks_6869","0.8999999999999999"
"FreiburgBooks_21644","GoodReadsBooks_14651","0.8600000000000001"
"FreiburgBooks_18003","GoodReadsBooks_7295","0.8999999999999999"
"FreiburgBooks_3402","GoodReadsBooks_9336","0.8707013574660634"
"FreiburgBooks_3483","GoodReadsBooks_12418","0.8999999999999999"
"FreiburgBooks_3484","GoodReadsBooks_5858","0.8999999999999999"
"FreiburgBooks_21798","GoodReadsBooks_4178","0.8999999999999999"
"FreiburgBooks_21750","GoodReadsBooks_4431","0.8999999999999999"
"FreiburgBooks_18126","GoodReadsBooks_10115","0.8999999999999999"
"FreiburgBooks_3555","GoodReadsBooks_10417","0.8999999999999999"
"FreiburgBooks_21428","GoodReadsBooks_4408","0.78"
"FreiburgBooks_21422","GoodReadsBooks_4606","0.8999999999999999"
"FreiburgBooks_21421","GoodReadsBooks_6303","0.875"
"FreiburgBooks_21436","GoodReadsBooks_5088","0.8999999999999999"
"FreiburgBooks_21431","GoodReadsBooks_5359","0.8999999999999999"
"FreiburgBooks_21483","GoodReadsBooks_10743","0.8999999999999999"
"FreiburgBooks_21490","GoodReadsBooks_13665","0.875"
"FreiburgBooks_5836","GoodReadsBooks_889","0.8999999999999999"
"FreiburgBooks_5864","GoodReadsBooks_6931","0.8999999999999999"
"FreiburgBooks_3204","GoodReadsBooks_6821","0.8999999999999999"
"FreiburgBooks_5898","GoodReadsBooks_14692","0.8600000000000001"
"FreiburgBooks_3270","GoodReadsBooks_8839","0.8999999999999999"
"FreiburgBooks_21557","GoodReadsBooks_13391","0.867929292929293"
"FreiburgBooks_21561","GoodReadsBooks_11755","0.8799999999999999"
"FreiburgBooks_21564","GoodReadsBooks_12449","0.8978947368421053"
"FreiburgBooks_21509","GoodReadsBooks_8318","0.8999999999999999"
"FreiburgBooks_21522","GoodReadsBooks_10206","0.8999999999999999"
"FreiburgBooks_21588","GoodReadsBooks_10960","0.8999999999999999"
"FreiburgBooks_21580","GoodReadsBooks_8955","0.8324675324675324"
"FreiburgBooks_11841","GoodReadsBooks_906","0.8367965367965369"
"FreiburgBooks_21270","GoodReadsBooks_7263","0.8999999999999999"
"FreiburgBooks_21289","GoodReadsBooks_12490","0.8904761904761904"
"FreiburgBooks_3839","GoodReadsBooks_14239","0.8666666666666667"
"FreiburgBooks_23880","GoodReadsBooks_9050","0.8322222222222222"
"FreiburgBooks_23896","GoodReadsBooks_14699","0.8999999999999999"
"FreiburgBooks_3851","GoodReadsBooks_3400","0.7703703703703704"
"FreiburgBooks_1243","GoodReadsBooks_10801","0.8999999999999999"
"FreiburgBooks_1260","GoodReadsBooks_9488","0.8999999999999999"
"FreiburgBooks_23911","GoodReadsBooks_8519","0.8999999999999999"
"FreiburgBooks_11935","GoodReadsBooks_14395","0.8999999999999999"
"FreiburgBooks_11932","GoodReadsBooks_7552","0.8935483870967742"
"FreiburgBooks_11905","GoodReadsBooks_8253","0.8999999999999999"
"FreiburgBooks_11902","GoodReadsBooks_11852","0.8999999999999999"
"FreiburgBooks_23947","GoodReadsBooks_14871","0.8999999999999999"
"FreiburgBooks_3900","GoodReadsBooks_5596","0.8999999999999999"
"FreiburgBooks_21388","GoodReadsBooks_8965","0.8999999999999999"
"FreiburgBooks_21398","GoodReadsBooks_4393","0.8999999999999999"
"FreiburgBooks_3930","GoodReadsBooks_1652","0.8999999999999999"
"FreiburgBooks_3944","GoodReadsBooks_8822","0.8799999999999999"
"FreiburgBooks_3950","GoodReadsBooks_14978","0.8694752402069474"
"FreiburgBooks_21349","GoodReadsBooks_12344","0.8999999999999999"
"FreiburgBooks_3960","GoodReadsBooks_5080","0.8999999999999999"
"FreiburgBooks_21344","GoodReadsBooks_14981","0.8999999999999999"
"FreiburgBooks_21354","GoodReadsBooks_5784","0.8962264150943395"
"FreiburgBooks_3972","GoodReadsBooks_12995","0.8999999999999999"
"FreiburgBooks_1333","GoodReadsBooks_2665","0.8999999999999999"
"FreiburgBooks_11617","GoodReadsBooks_3919","0.8999999999999999"
"FreiburgBooks_11602","GoodReadsBooks_1713","0.8999999999999999"
"FreiburgBooks_23689","GoodReadsBooks_9171","0.8999999999999999"
"FreiburgBooks_23697","GoodReadsBooks_14432","0.8914893617021276"
"FreiburgBooks_1026","GoodReadsBooks_10713","0.8999999999999999"
"FreiburgBooks_3699","GoodReadsBooks_7623","0.8999999999999999"
"FreiburgBooks_1055","GoodReadsBooks_12986","0.8833333333333333"
"FreiburgBooks_1088","GoodReadsBooks_11728","0.8888888888888888"
"FreiburgBooks_11733","GoodReadsBooks_701","0.8234234234234235"
"FreiburgBooks_11715","GoodReadsBooks_6975","0.8999999999999999"
"FreiburgBooks_11701","GoodReadsBooks_14933","0.8999999999999999"
"FreiburgBooks_11778","GoodReadsBooks_13263","0.8999999999999999"
"FreiburgBooks_21149","GoodReadsBooks_10826","0.8999999999999999"
"FreiburgBooks_21164","GoodReadsBooks_7760","0.8951219512195121"
"FreiburgBooks_11797","GoodReadsBooks_11617","0.8999999999999999"
"FreiburgBooks_23784","GoodReadsBooks_8133","0.8999999999999999"
"FreiburgBooks_3742","GoodReadsBooks_8549","0.7"
"FreiburgBooks_23798","GoodReadsBooks_14208","0.8904761904761904"
"FreiburgBooks_21130","GoodReadsBooks_5831","0.8999999999999999"
"FreiburgBooks_3755","GoodReadsBooks_14448","0.8999999999999999"
"FreiburgBooks_3764","GoodReadsBooks_14089","0.8999999999999999"
"FreiburgBooks_3774","GoodReadsBooks_13339","0.8999999999999999"
"FreiburgBooks_1116","GoodReadsBooks_4236","0.7811594202898551"
"FreiburgBooks_11413","GoodReadsBooks_6267","0.8999999999999999"
"FreiburgBooks_1640","GoodReadsBooks_9976","0.8999999999999999"
"FreiburgBooks_23462","GoodReadsBooks_14443","0.8999999999999999"
"FreiburgBooks_1681","GoodReadsBooks_8439","0.8945945945945946"
"FreiburgBooks_11474","GoodReadsBooks_2914","0.8284057971014491"
"FreiburgBooks_23483","GoodReadsBooks_14445","0.8999999999999999"
"FreiburgBooks_23485","GoodReadsBooks_14025","0.8666666666666667"
"FreiburgBooks_23503","GoodReadsBooks_5934","0.8833333333333333"
"FreiburgBooks_11523","GoodReadsBooks_10439","0.8999999999999999"
"FreiburgBooks_11513","GoodReadsBooks_5948","0.8999999999999999"
"FreiburgBooks_1728","GoodReadsBooks_820","0.8999999999999999"
"FreiburgBooks_23560","GoodReadsBooks_14765","0.8999999999999999"
"FreiburgBooks_1755","GoodReadsBooks_6199","0.8999999999999999"
"FreiburgBooks_23520","GoodReadsBooks_14749","0.844313725490196"
"FreiburgBooks_23538","GoodReadsBooks_4672","0.8777777777777778"
"FreiburgBooks_1794","GoodReadsBooks_8387","0.8999999999999999"
"FreiburgBooks_23222","GoodReadsBooks_8442","0.8498069498069498"
"FreiburgBooks_25887","GoodReadsBooks_9614","0.8999999999999999"
"FreiburgBooks_13859","GoodReadsBooks_13234","0.8999999999999999"
"FreiburgBooks_25897","GoodReadsBooks_7285","0.8999999999999999"
"FreiburgBooks_23230","GoodReadsBooks_6020","0.8964912280701753"
"FreiburgBooks_1426","GoodReadsBooks_10833","0.8999999999999999"
"FreiburgBooks_1434","GoodReadsBooks_7661","0.8999999999999999"
"FreiburgBooks_11246","GoodReadsBooks_11243","0.8999999999999999"
"FreiburgBooks_11234","GoodReadsBooks_4799","0.8999999999999999"
"FreiburgBooks_13885","GoodReadsBooks_10456","0.8999999999999999"
"FreiburgBooks_23292","GoodReadsBooks_14214","0.8999999999999999"
"FreiburgBooks_13910","GoodReadsBooks_13862","0.8958333333333333"
"FreiburgBooks_13951","GoodReadsBooks_8874","0.8999999999999999"
"FreiburgBooks_13938","GoodReadsBooks_11445","0.8928571428571428"
"FreiburgBooks_13937","GoodReadsBooks_11746","0.8929824561403508"
"FreiburgBooks_25986","GoodReadsBooks_12299","0.8999999999999999"
"FreiburgBooks_23323","GoodReadsBooks_14152","0.8899999999999999"
"FreiburgBooks_13999","GoodReadsBooks_7271","0.8999999999999999"
"FreiburgBooks_25995","GoodReadsBooks_9643","0.8999999999999999"
"FreiburgBooks_25991","GoodReadsBooks_12447","0.8999999999999999"
"FreiburgBooks_23348","GoodReadsBooks_9061","0.8999999999999999"
"FreiburgBooks_11313","GoodReadsBooks_14043","0.8846153846153846"
"FreiburgBooks_11302","GoodReadsBooks_9770","0.8999999999999999"
"FreiburgBooks_25946","GoodReadsBooks_10820","0.8857142857142857"
"FreiburgBooks_25958","GoodReadsBooks_6819","0.8999999999999999"
"FreiburgBooks_1555","GoodReadsBooks_4368","0.8888888888888888"
"FreiburgBooks_11389","GoodReadsBooks_3287","0.8846153846153846"
"FreiburgBooks_25641","GoodReadsBooks_11324","0.8999999999999999"
"FreiburgBooks_25657","GoodReadsBooks_2045","0.8999999999999999"
"FreiburgBooks_11019","GoodReadsBooks_7584","0.7"
"FreiburgBooks_13661","GoodReadsBooks_14032","0.8957446808510638"
"FreiburgBooks_13659","GoodReadsBooks_14794","0.8999999999999999"
"FreiburgBooks_23045","GoodReadsBooks_6028","0.8999999999999999"
"FreiburgBooks_13695","GoodReadsBooks_1753","0.8253333333333333"
"FreiburgBooks_23015","GoodReadsBooks_8537","0.7"
"FreiburgBooks_25680","GoodReadsBooks_13958","0.8999999999999999"
"FreiburgBooks_11084","GoodReadsBooks_14040","0.8999999999999999"
"FreiburgBooks_25692","GoodReadsBooks_1315","0.893939393939394"
"FreiburgBooks_11072","GoodReadsBooks_13379","0.8999999999999999"
"FreiburgBooks_25699","GoodReadsBooks_14856","0.8928571428571428"
"FreiburgBooks_25698","GoodReadsBooks_14737","0.7492753623188406"
"FreiburgBooks_13703","GoodReadsBooks_7603","0.8999999999999999"
"FreiburgBooks_25747","GoodReadsBooks_6653","0.8999999999999999"
"FreiburgBooks_13747","GoodReadsBooks_5029","0.8999999999999999"
"FreiburgBooks_13725","GoodReadsBooks_13663","0.8888888888888888"
"FreiburgBooks_11107","GoodReadsBooks_13920","0.8999999999999999"
"FreiburgBooks_23163","GoodReadsBooks_7845","0.8647311827956989"
"FreiburgBooks_23180","GoodReadsBooks_8802","0.8999999999999999"
"FreiburgBooks_11149","GoodReadsBooks_7576","0.8999999999999999"
"FreiburgBooks_11198","GoodReadsBooks_12895","0.7"
"FreiburgBooks_1816","GoodReadsBooks_11573","0.8601851851851852"
"FreiburgBooks_1861","GoodReadsBooks_7326","0.8913043478260869"
"FreiburgBooks_1872","GoodReadsBooks_3833","0.875"
"FreiburgBooks_25400","GoodReadsBooks_3902","0.7436363636363637"
"FreiburgBooks_13470","GoodReadsBooks_8669","0.896774193548387"
"FreiburgBooks_25483","GoodReadsBooks_12294","0.8714285714285714"
"FreiburgBooks_13447","GoodReadsBooks_4859","0.8999999999999999"
"FreiburgBooks_25427","GoodReadsBooks_3572","0.8969230769230769"
"FreiburgBooks_25439","GoodReadsBooks_3868","0.7942857142857143"
"FreiburgBooks_25438","GoodReadsBooks_3937","0.7"
"FreiburgBooks_25432","GoodReadsBooks_3779","0.8999999999999999"
"FreiburgBooks_25442","GoodReadsBooks_2813","0.8999999999999999"
"FreiburgBooks_13494","GoodReadsBooks_13423","0.8600000000000001"
"FreiburgBooks_25453","GoodReadsBooks_2907","0.802142857142857"
"FreiburgBooks_13487","GoodReadsBooks_8485","0.8866666666666667"
"FreiburgBooks_1919","GoodReadsBooks_13584","0.8999999999999999"
"FreiburgBooks_1940","GoodReadsBooks_11574","0.8976744186046512"
"FreiburgBooks_13517","GoodReadsBooks_4775","0.7836363636363637"
"FreiburgBooks_13509","GoodReadsBooks_6294","0.8999999999999999"
"FreiburgBooks_1999","GoodReadsBooks_14192","0.8999999999999999"
"FreiburgBooks_25522","GoodReadsBooks_247","0.7"
"FreiburgBooks_13545","GoodReadsBooks_6466","0.8102564102564103"
"FreiburgBooks_13541","GoodReadsBooks_5810","0.8999999999999999"
"FreiburgBooks_13538","GoodReadsBooks_9904","0.8355555555555556"
"FreiburgBooks_13531","GoodReadsBooks_5805","0.8846153846153846"
"FreiburgBooks_25540","GoodReadsBooks_13655","0.8894736842105264"
"FreiburgBooks_25158","GoodReadsBooks_11220","0.8999999999999999"
"FreiburgBooks_8243","GoodReadsBooks_8921","0.8904761904761904"
"FreiburgBooks_8269","GoodReadsBooks_6454","0.8999999999999999"
"FreiburgBooks_8271","GoodReadsBooks_6280","0.8999999999999999"
"FreiburgBooks_8279","GoodReadsBooks_4849","0.8578260869565217"
"FreiburgBooks_15802","GoodReadsBooks_6522","0.8999999999999999"
"FreiburgBooks_25228","GoodReadsBooks_6343","0.8999999999999999"
"FreiburgBooks_25225","GoodReadsBooks_9725","0.8902439024390243"
"FreiburgBooks_778","GoodReadsBooks_6762","0.8999999999999999"
"FreiburgBooks_25231","GoodReadsBooks_6985","0.8957894736842105"
"FreiburgBooks_25252","GoodReadsBooks_9138","0.8999999999999999"
"FreiburgBooks_757","GoodReadsBooks_10560","0.8999999999999999"
"FreiburgBooks_25256","GoodReadsBooks_13246","0.8999999999999999"
"FreiburgBooks_760","GoodReadsBooks_14207","0.8999999999999999"
"FreiburgBooks_13265","GoodReadsBooks_408","0.8999999999999999"
"FreiburgBooks_713","GoodReadsBooks_14175","0.8942857142857144"
"FreiburgBooks_938","GoodReadsBooks_4826","0.8999999999999999"
"FreiburgBooks_933","GoodReadsBooks_3145","0.7571428571428571"
"FreiburgBooks_13295","GoodReadsBooks_102","0.8600000000000001"
"FreiburgBooks_13290","GoodReadsBooks_14120","0.8999999999999999"
"FreiburgBooks_929","GoodReadsBooks_10392","0.8260377358490567"
"FreiburgBooks_25286","GoodReadsBooks_4974","0.8152173913043479"
"FreiburgBooks_8335","GoodReadsBooks_12485","0.8968253968253967"
"FreiburgBooks_8384","GoodReadsBooks_8296","0.8999999999999999"
"FreiburgBooks_15960","GoodReadsBooks_7301","0.8999999999999999"
"FreiburgBooks_15975","GoodReadsBooks_14009","0.8866666666666667"
"FreiburgBooks_25381","GoodReadsBooks_14625","0.8999999999999999"
"FreiburgBooks_15982","GoodReadsBooks_2358","0.8424528301886793"
"FreiburgBooks_13383","GoodReadsBooks_6833","0.8999999999999999"
"FreiburgBooks_8078","GoodReadsBooks_1214","0.8999999999999999"
"FreiburgBooks_993","GoodReadsBooks_9239","0.8999999999999999"
"FreiburgBooks_15647","GoodReadsBooks_14824","0.8919999999999999"
"FreiburgBooks_950","GoodReadsBooks_6433","0.8999999999999999"
"FreiburgBooks_15652","GoodReadsBooks_7673","0.8971014492753624"
"FreiburgBooks_13064","GoodReadsBooks_4599","0.7444444444444445"
"FreiburgBooks_25098","GoodReadsBooks_13551","0.8999999999999999"
"FreiburgBooks_25093","GoodReadsBooks_7955","0.8941176470588235"
"FreiburgBooks_13044","GoodReadsBooks_4988","0.8999999999999999"
"FreiburgBooks_13087","GoodReadsBooks_9126","0.8999999999999999"
"FreiburgBooks_8108","GoodReadsBooks_14802","0.8999999999999999"
"FreiburgBooks_8125","GoodReadsBooks_375","0.7"
"FreiburgBooks_15713","GoodReadsBooks_12230","0.8857142857142857"
"FreiburgBooks_8157","GoodReadsBooks_5911","0.8964912280701753"
"FreiburgBooks_8161","GoodReadsBooks_5954","0.7"
"FreiburgBooks_8160","GoodReadsBooks_2131","0.8999999999999999"
"FreiburgBooks_8188","GoodReadsBooks_7011","0.8999999999999999"
"FreiburgBooks_15795","GoodReadsBooks_11886","0.8999999999999999"
"FreiburgBooks_25126","GoodReadsBooks_13944","0.8999999999999999"
"FreiburgBooks_25132","GoodReadsBooks_9495","0.8999999999999999"
"FreiburgBooks_15753","GoodReadsBooks_4073","0.8904761904761904"
"FreiburgBooks_15754","GoodReadsBooks_4268","0.7777777777777777"
"FreiburgBooks_15765","GoodReadsBooks_6696","0.8913043478260869"
"FreiburgBooks_13129","GoodReadsBooks_6071","0.8999999999999999"
"FreiburgBooks_15346","GoodReadsBooks_13940","0.7"
"FreiburgBooks_8613","GoodReadsBooks_7308","0.8999999999999999"
"FreiburgBooks_15362","GoodReadsBooks_1254","0.8899999999999999"
"FreiburgBooks_15367","GoodReadsBooks_4357","0.7725490196078431"
"FreiburgBooks_15368","GoodReadsBooks_1459","0.8913043478260869"
"FreiburgBooks_8666","GoodReadsBooks_13908","0.7"
"FreiburgBooks_8681","GoodReadsBooks_10730","0.8999999999999999"
"FreiburgBooks_6025","GoodReadsBooks_14589","0.8999999999999999"
"FreiburgBooks_6077","GoodReadsBooks_7109","0.8894736842105264"
"FreiburgBooks_371","GoodReadsBooks_660","0.8999999999999999"
"FreiburgBooks_8713","GoodReadsBooks_3776","0.8999999999999999"
"FreiburgBooks_15483","GoodReadsBooks_8724","0.8964912280701753"
"FreiburgBooks_15487","GoodReadsBooks_8878","0.8231578947368421"
"FreiburgBooks_8760","GoodReadsBooks_14768","0.7"
"FreiburgBooks_15497","GoodReadsBooks_14288","0.8999999999999999"
"FreiburgBooks_8789","GoodReadsBooks_39","0.8999999999999999"
"FreiburgBooks_6163","GoodReadsBooks_9075","0.8999999999999999"
"FreiburgBooks_6188","GoodReadsBooks_14311","0.8999999999999999"
"FreiburgBooks_428","GoodReadsBooks_14956","0.8909090909090909"
"FreiburgBooks_15560","GoodReadsBooks_14649","0.8999999999999999"
"FreiburgBooks_404","GoodReadsBooks_4412","0.8999999999999999"
"FreiburgBooks_15166","GoodReadsBooks_3497","0.8799999999999999"
"FreiburgBooks_27153","GoodReadsBooks_9289","0.8999999999999999"
"FreiburgBooks_17773","GoodReadsBooks_1862","0.8999999999999999"
"FreiburgBooks_17776","GoodReadsBooks_1306","0.8913043478260869"
"FreiburgBooks_17777","GoodReadsBooks_1818","0.888235294117647"
"FreiburgBooks_8474","GoodReadsBooks_3348","0.8846153846153846"
"FreiburgBooks_8473","GoodReadsBooks_2925","0.8818181818181818"
"FreiburgBooks_8492","GoodReadsBooks_6900","0.8999999999999999"
"FreiburgBooks_599","GoodReadsBooks_4529","0.8999999999999999"
"FreiburgBooks_15205","GoodReadsBooks_8778","0.8999999999999999"
"FreiburgBooks_17804","GoodReadsBooks_1467","0.8919999999999999"
"FreiburgBooks_15294","GoodReadsBooks_6116","0.8999999999999999"
"FreiburgBooks_8580","GoodReadsBooks_2658","0.8600000000000001"
"FreiburgBooks_17902","GoodReadsBooks_7643","0.73"
"FreiburgBooks_691","GoodReadsBooks_12508","0.8999999999999999"
"FreiburgBooks_670","GoodReadsBooks_5943","0.8999999999999999"
"FreiburgBooks_17974","GoodReadsBooks_10842","0.8999999999999999"
"FreiburgBooks_17986","GoodReadsBooks_9629","0.8999999999999999"
"FreiburgBooks_15329","GoodReadsBooks_12563","0.8999999999999999"
"FreiburgBooks_17564","GoodReadsBooks_13213","0.8999999999999999"
"FreiburgBooks_17569","GoodReadsBooks_13507","0.8999999999999999"
"FreiburgBooks_6422","GoodReadsBooks_14518","0.868421052631579"
"FreiburgBooks_17541","GoodReadsBooks_14336","0.8999999999999999"
"FreiburgBooks_6456","GoodReadsBooks_13464","0.888235294117647"
"FreiburgBooks_6491","GoodReadsBooks_3798","0.8999999999999999"
"FreiburgBooks_6505","GoodReadsBooks_13749","0.8999999999999999"
"FreiburgBooks_6544","GoodReadsBooks_6606","0.8999999999999999"
"FreiburgBooks_15062","GoodReadsBooks_14682","0.8999999999999999"
"FreiburgBooks_15007","GoodReadsBooks_5328","0.8999999999999999"
"FreiburgBooks_6599","GoodReadsBooks_9471","0.8919999999999999"
"FreiburgBooks_27046","GoodReadsBooks_12269","0.8999999999999999"
"FreiburgBooks_27054","GoodReadsBooks_14591","0.8955555555555554"
"FreiburgBooks_27083","GoodReadsBooks_12947","0.7"
"FreiburgBooks_17728","GoodReadsBooks_1663","0.8999999999999999"
"FreiburgBooks_17748","GoodReadsBooks_1414","0.888235294117647"
"FreiburgBooks_17707","GoodReadsBooks_1342","0.8999999999999999"
"FreiburgBooks_17706","GoodReadsBooks_6926","0.8999999999999999"
"FreiburgBooks_17711","GoodReadsBooks_2166","0.8777777777777778"
"FreiburgBooks_8815","GoodReadsBooks_9372","0.8913043478260869"
"FreiburgBooks_17336","GoodReadsBooks_14744","0.8999999999999999"
"FreiburgBooks_8821","GoodReadsBooks_5983","0.8970149253731343"
"FreiburgBooks_20993","GoodReadsBooks_9974","0.8999999999999999"
"FreiburgBooks_20990","GoodReadsBooks_5804","0.8999999999999999"
"FreiburgBooks_17362","GoodReadsBooks_13192","0.8999999999999999"
"FreiburgBooks_20939","GoodReadsBooks_10397","0.8999999999999999"
"FreiburgBooks_19954","GoodReadsBooks_9579","0.8875"
"FreiburgBooks_6220","GoodReadsBooks_4105","0.7"
"FreiburgBooks_20961","GoodReadsBooks_12945","0.8968750000000001"
"FreiburgBooks_20969","GoodReadsBooks_5423","0.8999999999999999"
"FreiburgBooks_8892","GoodReadsBooks_5070","0.8999999999999999"
"FreiburgBooks_173","GoodReadsBooks_14300","0.78"
"FreiburgBooks_6286","GoodReadsBooks_10259","0.8409090909090908"
"FreiburgBooks_6284","GoodReadsBooks_13043","0.8857142857142857"
"FreiburgBooks_185","GoodReadsBooks_10927","0.8999999999999999"
"FreiburgBooks_116","GoodReadsBooks_14615","0.8999999999999999"
"FreiburgBooks_112","GoodReadsBooks_4795","0.8999999999999999"
"FreiburgBooks_17453","GoodReadsBooks_13302","0.8967213114754098"
"FreiburgBooks_17479","GoodReadsBooks_11691","0.888235294117647"
"FreiburgBooks_8970","GoodReadsBooks_13868","0.8999999999999999"
"FreiburgBooks_17400","GoodReadsBooks_9513","0.8970588235294117"
"FreiburgBooks_8971","GoodReadsBooks_7198","0.8999999999999999"
"FreiburgBooks_17438","GoodReadsBooks_11160","0.8999999999999999"
"FreiburgBooks_6362","GoodReadsBooks_8627","0.8999999999999999"
"FreiburgBooks_6364","GoodReadsBooks_8628","0.8999999999999999"
"FreiburgBooks_289","GoodReadsBooks_5523","0.8999999999999999"
"FreiburgBooks_17507","GoodReadsBooks_7292","0.8999999999999999"
"FreiburgBooks_17517","GoodReadsBooks_14259","0.8999999999999999"
"FreiburgBooks_20756","GoodReadsBooks_8589","0.8999999999999999"
"FreiburgBooks_4245","GoodReadsBooks_11907","0.8899999999999999"
"FreiburgBooks_4251","GoodReadsBooks_5266","0.8999999999999999"
"FreiburgBooks_4261","GoodReadsBooks_6757","0.8999999999999999"
"FreiburgBooks_19720","GoodReadsBooks_6535","0.8999999999999999"
"FreiburgBooks_20717","GoodReadsBooks_11155","0.8999999999999999"
"FreiburgBooks_17170","GoodReadsBooks_11398","0.8957446808510638"
"FreiburgBooks_17180","GoodReadsBooks_13284","0.7770833333333333"
"FreiburgBooks_20777","GoodReadsBooks_8814","0.8941176470588235"
"FreiburgBooks_19796","GoodReadsBooks_6784","0.8878787878787879"
"FreiburgBooks_6911","GoodReadsBooks_7905","0.8925925925925926"
"FreiburgBooks_6939","GoodReadsBooks_13802","0.8999999999999999"
"FreiburgBooks_19811","GoodReadsBooks_11148","0.8999999999999999"
"FreiburgBooks_20800","GoodReadsBooks_8504","0.8999999999999999"
"FreiburgBooks_6942","GoodReadsBooks_7568","0.8999999999999999"
"FreiburgBooks_4339","GoodReadsBooks_358","0.8999999999999999"
"FreiburgBooks_20859","GoodReadsBooks_7605","0.8950617283950617"
"FreiburgBooks_4369","GoodReadsBooks_14688","0.8846153846153846"
"FreiburgBooks_19832","GoodReadsBooks_11966","0.8999999999999999"
"FreiburgBooks_20832","GoodReadsBooks_14218","0.8999999999999999"
"FreiburgBooks_20845","GoodReadsBooks_10526","0.8999999999999999"
"FreiburgBooks_20849","GoodReadsBooks_8860","0.8999999999999999"
"FreiburgBooks_17275","GoodReadsBooks_13425","0.8971830985915492"
"FreiburgBooks_17282","GoodReadsBooks_13709","0.8999999999999999"
"FreiburgBooks_19915","GoodReadsBooks_13007","0.8999999999999999"
"FreiburgBooks_20918","GoodReadsBooks_10457","0.8999999999999999"
"FreiburgBooks_4401","GoodReadsBooks_12018","0.8999999999999999"
"FreiburgBooks_4408","GoodReadsBooks_2015","0.888235294117647"
"FreiburgBooks_4415","GoodReadsBooks_14751","0.8999999999999999"
"FreiburgBooks_19504","GoodReadsBooks_13617","0.7"
"FreiburgBooks_20509","GoodReadsBooks_14115","0.7"
"FreiburgBooks_6651","GoodReadsBooks_12217","0.8999999999999999"
"FreiburgBooks_6692","GoodReadsBooks_4242","0.7749999999999999"
"FreiburgBooks_6696","GoodReadsBooks_4875","0.8999999999999999"
"FreiburgBooks_4041","GoodReadsBooks_14491","0.8999999999999999"
"FreiburgBooks_4057","GoodReadsBooks_13510","0.8833333333333333"
"FreiburgBooks_20583","GoodReadsBooks_11723","0.8857142857142857"
"FreiburgBooks_4068","GoodReadsBooks_12347","0.8999999999999999"
"FreiburgBooks_4071","GoodReadsBooks_14647","0.8999999999999999"
"FreiburgBooks_19547","GoodReadsBooks_13597","0.8999999999999999"
"FreiburgBooks_19578","GoodReadsBooks_5494","0.8999999999999999"
"FreiburgBooks_6733","GoodReadsBooks_10426","0.7"
"FreiburgBooks_4149","GoodReadsBooks_14972","0.8999999999999999"
"FreiburgBooks_4148","GoodReadsBooks_7351","0.8554285714285714"
"FreiburgBooks_20691","GoodReadsBooks_14119","0.8999999999999999"
"FreiburgBooks_20657","GoodReadsBooks_8398","0.8999999999999999"
"FreiburgBooks_17010","GoodReadsBooks_3947","0.8875"
"FreiburgBooks_17016","GoodReadsBooks_3088","0.8846153846153846"
"FreiburgBooks_19697","GoodReadsBooks_13592","0.8894736842105264"
"FreiburgBooks_6806","GoodReadsBooks_8850","0.8999999999999999"
"FreiburgBooks_6831","GoodReadsBooks_13627","0.896551724137931"
"FreiburgBooks_6845","GoodReadsBooks_13567","0.8999999999999999"
